<?xml version="1.0" encoding="UTF-8"?>
<metadata xml:lang="es"><Esri><CreaDate>20170907</CreaDate><CreaTime>11214800</CreaTime><SyncOnce>FALSE</SyncOnce><DataProperties><lineage><Process ToolSource="C:\Archivos de programa\ArcGIS\ArcToolbox\Toolboxes\Data Management Tools.tbx\DefineProjection" Date="20120113" Time="010414">DefineProjection "IBA total Peninsula" PROJCS['ED_1950_UTM_Zone_30N',GEOGCS['GCS_European_1950',DATUM['D_European_1950',SPHEROID['International_1924',6378388.0,297.0]],PRIMEM['Greenwich',0.0],UNIT['Degree',0.0174532925199433]],PROJECTION['Transverse_Mercator'],PARAMETER['False_Easting',500000.0],PARAMETER['False_Northing',0.0],PARAMETER['Central_Meridian',-3.0],PARAMETER['Scale_Factor',0.9996],PARAMETER['Latitude_Of_Origin',0.0],UNIT['Meter',1.0]] "IBA total Peninsula"</Process><Process ToolSource="C:\Archivos de programa\ArcGIS\ArcToolbox\Toolboxes\Analysis Tools.tbx\Union" Date="20120614" Time="123823">Union "'ESPACIOS\IBA total Peninsula' #;Ontalafia #" "T:\CAPAS\Espacios\01_IBA\IBA 2012\peninsula_30\IBAtotalIBA_pen_2012.shp" ALL # GAPS</Process><Process ToolSource="c:\program files (x86)\arcgis\desktop10.1\ArcToolbox\Toolboxes\Data Management Tools.tbx\Project" Date="20150909" Time="143659">Project iba_peninsula_origen B:\ZONAS_SENSIBLES\IBAS\Entradas\2015\Proceso\ProcesoIBAS2015.gdb\PB\iba_p2015 PROJCS['ETRS_1989_UTM_Zone_30N',GEOGCS['GCS_ETRS_1989',DATUM['D_ETRS_1989',SPHEROID['GRS_1980',6378137.0,298.257222101]],PRIMEM['Greenwich',0.0],UNIT['Degree',0.0174532925199433]],PROJECTION['Transverse_Mercator'],PARAMETER['False_Easting',500000.0],PARAMETER['False_Northing',0.0],PARAMETER['Central_Meridian',-3.0],PARAMETER['Scale_Factor',0.9996],PARAMETER['Latitude_Of_Origin',0.0],UNIT['Meter',1.0]] ED_1950_To_ETRS_1989_NTv2_Peninsula PROJCS['ED_1950_UTM_Zone_30N',GEOGCS['GCS_European_1950',DATUM['D_European_1950',SPHEROID['International_1924',6378388.0,297.0]],PRIMEM['Greenwich',0.0],UNIT['Degree',0.0174532925199433]],PROJECTION['Transverse_Mercator'],PARAMETER['False_Easting',500000.0],PARAMETER['False_Northing',0.0],PARAMETER['Central_Meridian',-3.0],PARAMETER['Scale_Factor',0.9996],PARAMETER['Latitude_Of_Origin',0.0],UNIT['Meter',1.0]]</Process><Process ToolSource="c:\program files (x86)\arcgis\desktop10.1\ArcToolbox\Toolboxes\Data Management Tools.tbx\RepairGeometry" Date="20151202" Time="141652">RepairGeometry Ibas_2010_p DELETE_NULL</Process><Process ToolSource="c:\program files (x86)\arcgis\desktop10.1\ArcToolbox\Toolboxes\Data Management Tools.tbx\CalculateField" Date="20151203" Time="141956">CalculateField Ibas_2010_p prov "ALICANTE" VB #</Process><Process ToolSource="c:\program files (x86)\arcgis\desktop10.1\ArcToolbox\Toolboxes\Data Management Tools.tbx\CalculateField" Date="20151203" Time="142026">CalculateField Ibas_2010_p prov "ALICANTE-MURCIA" VB #</Process><Process ToolSource="c:\program files (x86)\arcgis\desktop10.1\ArcToolbox\Toolboxes\Data Management Tools.tbx\CalculateField" Date="20151203" Time="142051">CalculateField Ibas_2010_p prov "ALICANTE-VALENCIA" VB #</Process><Process ToolSource="c:\program files (x86)\arcgis\desktop10.1\ArcToolbox\Toolboxes\Data Management Tools.tbx\CalculateField" Date="20151203" Time="142134">CalculateField Ibas_2010_p prov "ALBACETE" VB #</Process><Process ToolSource="c:\program files (x86)\arcgis\desktop10.1\ArcToolbox\Toolboxes\Data Management Tools.tbx\CalculateField" Date="20151203" Time="142157">CalculateField Ibas_2010_p prov "ALBACETE-CIUDAD REAL" VB #</Process><Process ToolSource="c:\program files (x86)\arcgis\desktop10.1\ArcToolbox\Toolboxes\Data Management Tools.tbx\CalculateField" Date="20151203" Time="142229">CalculateField Ibas_2010_p prov "ALBACETE-MURCIA" VB #</Process><Process ToolSource="c:\program files (x86)\arcgis\desktop10.1\ArcToolbox\Toolboxes\Data Management Tools.tbx\CalculateField" Date="20151203" Time="142249">CalculateField Ibas_2010_p prov "ALMERÍA" VB #</Process><Process ToolSource="c:\program files (x86)\arcgis\desktop10.1\ArcToolbox\Toolboxes\Data Management Tools.tbx\CalculateField" Date="20151203" Time="142305">CalculateField Ibas_2010_p prov "ALMERÍA-GRANADA" VB #</Process><Process ToolSource="c:\program files (x86)\arcgis\desktop10.1\ArcToolbox\Toolboxes\Data Management Tools.tbx\CalculateField" Date="20151203" Time="142329">CalculateField Ibas_2010_p prov "ÁVILA" VB #</Process><Process ToolSource="c:\program files (x86)\arcgis\desktop10.1\ArcToolbox\Toolboxes\Data Management Tools.tbx\CalculateField" Date="20151203" Time="142450">CalculateField Ibas_2010_p PROVINCIA "ÁVILA-SALAMANCA-CÁCERES" VB #</Process><Process ToolSource="c:\program files (x86)\arcgis\desktop10.1\ArcToolbox\Toolboxes\Data Management Tools.tbx\CalculateField" Date="20151203" Time="142512">CalculateField Ibas_2010_p PROVINCIA "BARCELONA" VB #</Process><Process ToolSource="c:\program files (x86)\arcgis\desktop10.1\ArcToolbox\Toolboxes\Data Management Tools.tbx\CalculateField" Date="20151203" Time="142529">CalculateField Ibas_2010_p PROVINCIA "BARCELONA-TARRAGONA" VB #</Process><Process ToolSource="c:\program files (x86)\arcgis\desktop10.1\ArcToolbox\Toolboxes\Data Management Tools.tbx\CalculateField" Date="20151203" Time="142551">CalculateField Ibas_2010_p prov "BADAJOZ" VB #</Process><Process ToolSource="c:\program files (x86)\arcgis\desktop10.1\ArcToolbox\Toolboxes\Data Management Tools.tbx\CalculateField" Date="20151203" Time="142620">CalculateField Ibas_2010_p prov "BADAJOZ-CÁCERES" VB #</Process><Process ToolSource="c:\program files (x86)\arcgis\desktop10.1\ArcToolbox\Toolboxes\Data Management Tools.tbx\CalculateField" Date="20151203" Time="142639">CalculateField Ibas_2010_p PROVINCIA "BADAJOZ-CIUDAD REAL" VB #</Process><Process ToolSource="c:\program files (x86)\arcgis\desktop10.1\ArcToolbox\Toolboxes\Data Management Tools.tbx\CalculateField" Date="20151203" Time="142721">CalculateField Ibas_2010_p prov "BIZKAIA" VB #</Process><Process ToolSource="c:\program files (x86)\arcgis\desktop10.1\ArcToolbox\Toolboxes\Data Management Tools.tbx\CalculateField" Date="20151203" Time="142736">CalculateField Ibas_2010_p prov "BURGOS" VB #</Process><Process ToolSource="c:\program files (x86)\arcgis\desktop10.1\ArcToolbox\Toolboxes\Data Management Tools.tbx\CalculateField" Date="20151203" Time="142816">CalculateField Ibas_2010_p prov "BURGOS-LA RIOJA" VB #</Process><Process ToolSource="c:\program files (x86)\arcgis\desktop10.1\ArcToolbox\Toolboxes\Data Management Tools.tbx\CalculateField" Date="20151203" Time="142838">CalculateField Ibas_2010_p prov "BURGOS-PALENCIA" VB #</Process><Process ToolSource="c:\program files (x86)\arcgis\desktop10.1\ArcToolbox\Toolboxes\Data Management Tools.tbx\CalculateField" Date="20151203" Time="142931">CalculateField Ibas_2010_p PROVINCIA "BURGOS-CANTABRIA" VB #</Process><Process ToolSource="c:\program files (x86)\arcgis\desktop10.1\ArcToolbox\Toolboxes\Data Management Tools.tbx\CalculateField" Date="20151203" Time="143102">CalculateField Ibas_2010_p prov "BURGOS-ARABA-BIZKAIA" VB #</Process><Process ToolSource="c:\program files (x86)\arcgis\desktop10.1\ArcToolbox\Toolboxes\Data Management Tools.tbx\CalculateField" Date="20151203" Time="143129">CalculateField Ibas_2010_p prov "BURGOS-ARABA-LA RIOJA" VB #</Process><Process ToolSource="c:\program files (x86)\arcgis\desktop10.1\ArcToolbox\Toolboxes\Data Management Tools.tbx\CalculateField" Date="20151203" Time="143159">CalculateField Ibas_2010_p prov "A CORUÑA" VB #</Process><Process ToolSource="c:\program files (x86)\arcgis\desktop10.1\ArcToolbox\Toolboxes\Data Management Tools.tbx\CalculateField" Date="20151203" Time="143931">CalculateField Ibas_2010_p prov "A CORUÑA-LUGO" VB #</Process><Process ToolSource="c:\program files (x86)\arcgis\desktop10.1\ArcToolbox\Toolboxes\Data Management Tools.tbx\CalculateField" Date="20151204" Time="084056">CalculateField Ibas_2010_p prov "CÁDIZ" VB #</Process><Process ToolSource="c:\program files (x86)\arcgis\desktop10.1\ArcToolbox\Toolboxes\Data Management Tools.tbx\CalculateField" Date="20151204" Time="084115">CalculateField Ibas_2010_p prov "CÁDIZ-MÁLAGA" VB #</Process><Process ToolSource="c:\program files (x86)\arcgis\desktop10.1\ArcToolbox\Toolboxes\Data Management Tools.tbx\CalculateField" Date="20151204" Time="090251">CalculateField Ibas_2010_p prov "CÁDIZ-MÁLAGA" VB #</Process><Process ToolSource="c:\program files (x86)\arcgis\desktop10.1\ArcToolbox\Toolboxes\Data Management Tools.tbx\CalculateField" Date="20151204" Time="090348">CalculateField Ibas_2010_p prov "CÁDIZ-MÁLAGA-CEUTA" VB #</Process><Process ToolSource="c:\program files (x86)\arcgis\desktop10.1\ArcToolbox\Toolboxes\Data Management Tools.tbx\CalculateField" Date="20151204" Time="090408">CalculateField Ibas_2010_p prov "CÁDIZ-SEVILLA" VB #</Process><Process ToolSource="c:\program files (x86)\arcgis\desktop10.1\ArcToolbox\Toolboxes\Data Management Tools.tbx\CalculateField" Date="20151204" Time="090426">CalculateField Ibas_2010_p prov "CÁCERES" VB #</Process><Process ToolSource="c:\program files (x86)\arcgis\desktop10.1\ArcToolbox\Toolboxes\Data Management Tools.tbx\CalculateField" Date="20151204" Time="090444">CalculateField Ibas_2010_p prov "CÁCERES-TOLEDO" VB #</Process><Process ToolSource="c:\program files (x86)\arcgis\desktop10.1\ArcToolbox\Toolboxes\Data Management Tools.tbx\CalculateField" Date="20151204" Time="090501">CalculateField Ibas_2010_p prov "CEUTA" VB #</Process><Process ToolSource="c:\program files (x86)\arcgis\desktop10.1\ArcToolbox\Toolboxes\Data Management Tools.tbx\CalculateField" Date="20151204" Time="090516">CalculateField Ibas_2010_p prov "CÓRDOBA" VB #</Process><Process ToolSource="c:\program files (x86)\arcgis\desktop10.1\ArcToolbox\Toolboxes\Data Management Tools.tbx\CalculateField" Date="20151204" Time="090532">CalculateField Ibas_2010_p prov "CÓRDOBA-BADAJOZ" VB #</Process><Process ToolSource="c:\program files (x86)\arcgis\desktop10.1\ArcToolbox\Toolboxes\Data Management Tools.tbx\CalculateField" Date="20151204" Time="090553">CalculateField Ibas_2010_p prov "CÓRDOBA-GRANADA-MÁLAGA" VB #</Process><Process ToolSource="c:\program files (x86)\arcgis\desktop10.1\ArcToolbox\Toolboxes\Data Management Tools.tbx\CalculateField" Date="20151204" Time="091341">CalculateField Ibas_2010_p prov "CÓRDOBA-SEVILLA" VB #</Process><Process ToolSource="c:\program files (x86)\arcgis\desktop10.1\ArcToolbox\Toolboxes\Data Management Tools.tbx\CalculateField" Date="20151204" Time="091402">CalculateField Ibas_2010_p prov "CIUDAD REAL" VB #</Process><Process ToolSource="c:\program files (x86)\arcgis\desktop10.1\ArcToolbox\Toolboxes\Data Management Tools.tbx\CalculateField" Date="20151204" Time="091423">CalculateField Ibas_2010_p prov "CIUDAD REAL-CÓRDOBA" VB #</Process><Process ToolSource="c:\program files (x86)\arcgis\desktop10.1\ArcToolbox\Toolboxes\Data Management Tools.tbx\CalculateField" Date="20151204" Time="091601">CalculateField Ibas_2010_p prov "CIUDAD REAL-JAÉN-CÓRDOBA" VB #</Process><Process ToolSource="c:\program files (x86)\arcgis\desktop10.1\ArcToolbox\Toolboxes\Data Management Tools.tbx\CalculateField" Date="20151204" Time="091624">CalculateField Ibas_2010_p prov "CASTELLÓN" VB #</Process><Process ToolSource="c:\program files (x86)\arcgis\desktop10.1\ArcToolbox\Toolboxes\Data Management Tools.tbx\CalculateField" Date="20151204" Time="091640">CalculateField Ibas_2010_p prov "CASTELLÓN-VALENCIA" VB #</Process><Process ToolSource="c:\program files (x86)\arcgis\desktop10.1\ArcToolbox\Toolboxes\Data Management Tools.tbx\CalculateField" Date="20151204" Time="091657">CalculateField Ibas_2010_p prov "CUENCA" VB #</Process><Process ToolSource="c:\program files (x86)\arcgis\desktop10.1\ArcToolbox\Toolboxes\Data Management Tools.tbx\CalculateField" Date="20151204" Time="091716">CalculateField Ibas_2010_p prov "CUENCA-ALBACETE" VB #</Process><Process ToolSource="c:\program files (x86)\arcgis\desktop10.1\ArcToolbox\Toolboxes\Data Management Tools.tbx\CalculateField" Date="20151204" Time="091732">CalculateField Ibas_2010_p prov "CUENCA-GUADALAJARA" VB #</Process><Process ToolSource="c:\program files (x86)\arcgis\desktop10.1\ArcToolbox\Toolboxes\Data Management Tools.tbx\CalculateField" Date="20151204" Time="091746">CalculateField Ibas_2010_p prov "CUENCA-TOLEDO" VB #</Process><Process ToolSource="c:\program files (x86)\arcgis\desktop10.1\ArcToolbox\Toolboxes\Data Management Tools.tbx\CalculateField" Date="20151204" Time="091804">CalculateField Ibas_2010_p prov "CUENCA-VALENCIA" VB #</Process><Process ToolSource="c:\program files (x86)\arcgis\desktop10.1\ArcToolbox\Toolboxes\Data Management Tools.tbx\CalculateField" Date="20151204" Time="091820">CalculateField Ibas_2010_p prov "GIRONA" VB #</Process><Process ToolSource="c:\program files (x86)\arcgis\desktop10.1\ArcToolbox\Toolboxes\Data Management Tools.tbx\CalculateField" Date="20151204" Time="091836">CalculateField Ibas_2010_p prov "GRANADA" VB #</Process><Process ToolSource="c:\program files (x86)\arcgis\desktop10.1\ArcToolbox\Toolboxes\Data Management Tools.tbx\CalculateField" Date="20151204" Time="091854">CalculateField Ibas_2010_p prov "GRANADA-ALMERÍA" VB #</Process><Process ToolSource="c:\program files (x86)\arcgis\desktop10.1\ArcToolbox\Toolboxes\Data Management Tools.tbx\CalculateField" Date="20151204" Time="091908">CalculateField Ibas_2010_p prov "GRANADA-MÁLAGA" VB #</Process><Process ToolSource="c:\program files (x86)\arcgis\desktop10.1\ArcToolbox\Toolboxes\Data Management Tools.tbx\CalculateField" Date="20151204" Time="091923">CalculateField Ibas_2010_p prov "GUADALAJARA" VB #</Process><Process ToolSource="c:\program files (x86)\arcgis\desktop10.1\ArcToolbox\Toolboxes\Data Management Tools.tbx\CalculateField" Date="20151204" Time="091937">CalculateField Ibas_2010_p prov "GUADALAJARA-CUENCA" VB #</Process><Process ToolSource="c:\program files (x86)\arcgis\desktop10.1\ArcToolbox\Toolboxes\Data Management Tools.tbx\CalculateField" Date="20151204" Time="091954">CalculateField Ibas_2010_p prov "GUADALAJARA-CUENCA-MADRID" VB #</Process><Process ToolSource="c:\program files (x86)\arcgis\desktop10.1\ArcToolbox\Toolboxes\Data Management Tools.tbx\CalculateField" Date="20151204" Time="092024">CalculateField Ibas_2010_p prov "GUADALAJARA-MADRID-SEGOVIA" VB #</Process><Process ToolSource="c:\program files (x86)\arcgis\desktop10.1\ArcToolbox\Toolboxes\Data Management Tools.tbx\CalculateField" Date="20151204" Time="092041">CalculateField Ibas_2010_p prov "GUADALAJARA-SORIA" VB #</Process><Process ToolSource="c:\program files (x86)\arcgis\desktop10.1\ArcToolbox\Toolboxes\Data Management Tools.tbx\CalculateField" Date="20151204" Time="092209">CalculateField Ibas_2010_p prov "GUADALAJARA-ZARAGOZA" VB #</Process><Process ToolSource="c:\program files (x86)\arcgis\desktop10.1\ArcToolbox\Toolboxes\Data Management Tools.tbx\CalculateField" Date="20151204" Time="092237">CalculateField Ibas_2010_p prov "HUELVA" VB #</Process><Process ToolSource="c:\program files (x86)\arcgis\desktop10.1\ArcToolbox\Toolboxes\Data Management Tools.tbx\CalculateField" Date="20151204" Time="092251">CalculateField Ibas_2010_p prov "HUELVA-BADAJOZ" VB #</Process><Process ToolSource="c:\program files (x86)\arcgis\desktop10.1\ArcToolbox\Toolboxes\Data Management Tools.tbx\CalculateField" Date="20151204" Time="092312">CalculateField Ibas_2010_p prov "HUELVA-CÁDIZ" VB #</Process><Process ToolSource="c:\program files (x86)\arcgis\desktop10.1\ArcToolbox\Toolboxes\Data Management Tools.tbx\CalculateField" Date="20151204" Time="092332">CalculateField Ibas_2010_p prov "HUELVA-SEVILLA" VB #</Process><Process ToolSource="c:\program files (x86)\arcgis\desktop10.1\ArcToolbox\Toolboxes\Data Management Tools.tbx\CalculateField" Date="20151204" Time="092347">CalculateField Ibas_2010_p prov "HUESCA" VB #</Process><Process ToolSource="c:\program files (x86)\arcgis\desktop10.1\ArcToolbox\Toolboxes\Data Management Tools.tbx\CalculateField" Date="20151204" Time="092419">CalculateField Ibas_2010_p prov "HUESCA-NAVARRA" VB #</Process><Process ToolSource="c:\program files (x86)\arcgis\desktop10.1\ArcToolbox\Toolboxes\Data Management Tools.tbx\CalculateField" Date="20151204" Time="092436">CalculateField Ibas_2010_p prov "HUESCA-ZARAGOZA" VB #</Process><Process ToolSource="c:\program files (x86)\arcgis\desktop10.1\ArcToolbox\Toolboxes\Data Management Tools.tbx\CalculateField" Date="20151204" Time="092454">CalculateField Ibas_2010_p prov "HUESCA-ZARAGOZA-LLEIDA" VB #</Process><Process ToolSource="c:\program files (x86)\arcgis\desktop10.1\ArcToolbox\Toolboxes\Data Management Tools.tbx\CalculateField" Date="20151204" Time="092528">CalculateField Ibas_2010_p prov "ILLES BALEARS" VB #</Process><Process ToolSource="c:\program files (x86)\arcgis\desktop10.1\ArcToolbox\Toolboxes\Data Management Tools.tbx\CalculateField" Date="20151204" Time="092544">CalculateField Ibas_2010_p prov "JAÉN" VB #</Process><Process ToolSource="c:\program files (x86)\arcgis\desktop10.1\ArcToolbox\Toolboxes\Data Management Tools.tbx\CalculateField" Date="20151204" Time="092558">CalculateField Ibas_2010_p prov "JAÉN-CÓRDOBA" VB #</Process><Process ToolSource="c:\program files (x86)\arcgis\desktop10.1\ArcToolbox\Toolboxes\Data Management Tools.tbx\CalculateField" Date="20151204" Time="092819">CalculateField Ibas_2010_p prov "JAÉN-CIUDAD REAL" VB #</Process><Process ToolSource="c:\program files (x86)\arcgis\desktop10.1\ArcToolbox\Toolboxes\Data Management Tools.tbx\CalculateField" Date="20151204" Time="092834">CalculateField Ibas_2010_p prov "JAÉN-GRANADA" VB #</Process><Process ToolSource="c:\program files (x86)\arcgis\desktop10.1\ArcToolbox\Toolboxes\Data Management Tools.tbx\CalculateField" Date="20151204" Time="092847">CalculateField Ibas_2010_p prov "JAÉN-GRANADA-ALBACETE" VB #</Process><Process ToolSource="c:\program files (x86)\arcgis\desktop10.1\ArcToolbox\Toolboxes\Data Management Tools.tbx\CalculateField" Date="20151204" Time="092903">CalculateField Ibas_2010_p prov "LLEIDA" VB #</Process><Process ToolSource="c:\program files (x86)\arcgis\desktop10.1\ArcToolbox\Toolboxes\Data Management Tools.tbx\CalculateField" Date="20151204" Time="092923">CalculateField Ibas_2010_p prov "LLEIDA-BARCELONA-GIRONA" VB #</Process><Process ToolSource="c:\program files (x86)\arcgis\desktop10.1\ArcToolbox\Toolboxes\Data Management Tools.tbx\CalculateField" Date="20151204" Time="092935">CalculateField Ibas_2010_p prov "LLEIDA-GIRONA" VB #</Process><Process ToolSource="c:\program files (x86)\arcgis\desktop10.1\ArcToolbox\Toolboxes\Data Management Tools.tbx\CalculateField" Date="20151204" Time="092949">CalculateField Ibas_2010_p prov "LLEIDA-HUESCA" VB #</Process><Process ToolSource="c:\program files (x86)\arcgis\desktop10.1\ArcToolbox\Toolboxes\Data Management Tools.tbx\CalculateField" Date="20151204" Time="093005">CalculateField Ibas_2010_p prov "LEÓN" VB #</Process><Process ToolSource="c:\program files (x86)\arcgis\desktop10.1\ArcToolbox\Toolboxes\Data Management Tools.tbx\CalculateField" Date="20151204" Time="093018">CalculateField Ibas_2010_p prov "LEÓN-LUGO" VB #</Process><Process ToolSource="c:\program files (x86)\arcgis\desktop10.1\ArcToolbox\Toolboxes\Data Management Tools.tbx\CalculateField" Date="20151204" Time="100214">CalculateField Ibas_2010_p prov "LEÓN-OURENSE" VB #</Process><Process ToolSource="c:\program files (x86)\arcgis\desktop10.1\ArcToolbox\Toolboxes\Data Management Tools.tbx\CalculateField" Date="20151204" Time="100231">CalculateField Ibas_2010_p prov "LEÓN-ZARAGOZA-OURENSE" VB #</Process><Process ToolSource="c:\program files (x86)\arcgis\desktop10.1\ArcToolbox\Toolboxes\Data Management Tools.tbx\CalculateField" Date="20151204" Time="100307">CalculateField Ibas_2010_p prov "LA RIOJA" VB #</Process><Process ToolSource="c:\program files (x86)\arcgis\desktop10.1\ArcToolbox\Toolboxes\Data Management Tools.tbx\CalculateField" Date="20151204" Time="100330">CalculateField Ibas_2010_p prov "LA RIOJA-BURGOS-SORIA" VB #</Process><Process ToolSource="c:\program files (x86)\arcgis\desktop10.1\ArcToolbox\Toolboxes\Data Management Tools.tbx\CalculateField" Date="20151204" Time="100347">CalculateField Ibas_2010_p prov "LA RIOJA-SORIA" VB #</Process><Process ToolSource="c:\program files (x86)\arcgis\desktop10.1\ArcToolbox\Toolboxes\Data Management Tools.tbx\CalculateField" Date="20151204" Time="100402">CalculateField Ibas_2010_p prov "LUGO" VB #</Process><Process ToolSource="c:\program files (x86)\arcgis\desktop10.1\ArcToolbox\Toolboxes\Data Management Tools.tbx\CalculateField" Date="20151204" Time="100437">CalculateField Ibas_2010_p prov "LUGO-ASTURIAS" VB #</Process><Process ToolSource="c:\program files (x86)\arcgis\desktop10.1\ArcToolbox\Toolboxes\Data Management Tools.tbx\CalculateField" Date="20151204" Time="100455">CalculateField Ibas_2010_p prov "MADRID" VB #</Process><Process ToolSource="c:\program files (x86)\arcgis\desktop10.1\ArcToolbox\Toolboxes\Data Management Tools.tbx\CalculateField" Date="20151204" Time="100521">CalculateField Ibas_2010_p prov "MADRID-ÁVILA-SEGOVIA-TODELO" VB #</Process><Process ToolSource="c:\program files (x86)\arcgis\desktop10.1\ArcToolbox\Toolboxes\Data Management Tools.tbx\CalculateField" Date="20151204" Time="100540">CalculateField Ibas_2010_p prov "MADRID-GUADALAJARA" VB #</Process><Process ToolSource="c:\program files (x86)\arcgis\desktop10.1\ArcToolbox\Toolboxes\Data Management Tools.tbx\CalculateField" Date="20151204" Time="100555">CalculateField Ibas_2010_p prov "MADRID-TOLEDO" VB #</Process><Process ToolSource="c:\program files (x86)\arcgis\desktop10.1\ArcToolbox\Toolboxes\Data Management Tools.tbx\CalculateField" Date="20151204" Time="100615">CalculateField Ibas_2010_p prov "MÁLAGA" VB #</Process><Process ToolSource="c:\program files (x86)\arcgis\desktop10.1\ArcToolbox\Toolboxes\Data Management Tools.tbx\CalculateField" Date="20151204" Time="100630">CalculateField Ibas_2010_p prov "MÁLAGA-GRANADA" VB #</Process><Process ToolSource="c:\program files (x86)\arcgis\desktop10.1\ArcToolbox\Toolboxes\Data Management Tools.tbx\CalculateField" Date="20151204" Time="100642">CalculateField Ibas_2010_p prov "MÁLAGA-SEVILLA" VB #</Process><Process ToolSource="c:\program files (x86)\arcgis\desktop10.1\ArcToolbox\Toolboxes\Data Management Tools.tbx\CalculateField" Date="20151204" Time="100656">CalculateField Ibas_2010_p prov "MELILLA" VB #</Process><Process ToolSource="c:\program files (x86)\arcgis\desktop10.1\ArcToolbox\Toolboxes\Data Management Tools.tbx\CalculateField" Date="20151204" Time="100715">CalculateField Ibas_2010_p prov "MURCIA" VB #</Process><Process ToolSource="c:\program files (x86)\arcgis\desktop10.1\ArcToolbox\Toolboxes\Data Management Tools.tbx\CalculateField" Date="20151204" Time="100732">CalculateField Ibas_2010_p prov "MURCIA-ÁLMERÍA" VB #</Process><Process ToolSource="c:\program files (x86)\arcgis\desktop10.1\ArcToolbox\Toolboxes\Data Management Tools.tbx\CalculateField" Date="20151204" Time="100751">CalculateField Ibas_2010_p prov "NAVARRA" VB #</Process><Process ToolSource="c:\program files (x86)\arcgis\desktop10.1\ArcToolbox\Toolboxes\Data Management Tools.tbx\CalculateField" Date="20151204" Time="100829">CalculateField Ibas_2010_p prov "NAVARRA-ARABA" VB #</Process><Process ToolSource="c:\program files (x86)\arcgis\desktop10.1\ArcToolbox\Toolboxes\Data Management Tools.tbx\CalculateField" Date="20151204" Time="100844">CalculateField Ibas_2010_p prov "NAVARRA-ZARAGOZA" VB #</Process><Process ToolSource="c:\program files (x86)\arcgis\desktop10.1\ArcToolbox\Toolboxes\Data Management Tools.tbx\CalculateField" Date="20151204" Time="100858">CalculateField Ibas_2010_p prov "ASTURIAS" VB #</Process><Process ToolSource="c:\program files (x86)\arcgis\desktop10.1\ArcToolbox\Toolboxes\Data Management Tools.tbx\CalculateField" Date="20151204" Time="100913">CalculateField Ibas_2010_p prov "ASTURIAS-LEÓN" VB #</Process><Process ToolSource="c:\program files (x86)\arcgis\desktop10.1\ArcToolbox\Toolboxes\Data Management Tools.tbx\CalculateField" Date="20151204" Time="100925">CalculateField Ibas_2010_p prov "ASTURIAS-CANTABRIA" VB #</Process><Process ToolSource="c:\program files (x86)\arcgis\desktop10.1\ArcToolbox\Toolboxes\Data Management Tools.tbx\CalculateField" Date="20151204" Time="100937">CalculateField Ibas_2010_p prov "ASTURIAS-CANTABRIA-LEÓN" VB #</Process><Process ToolSource="c:\program files (x86)\arcgis\desktop10.1\ArcToolbox\Toolboxes\Data Management Tools.tbx\CalculateField" Date="20151204" Time="100957">CalculateField Ibas_2010_p prov "OURENSE" VB #</Process><Process ToolSource="c:\program files (x86)\arcgis\desktop10.1\ArcToolbox\Toolboxes\Data Management Tools.tbx\CalculateField" Date="20151204" Time="101016">CalculateField Ibas_2010_p prov "PALENCIA" VB #</Process><Process ToolSource="c:\program files (x86)\arcgis\desktop10.1\ArcToolbox\Toolboxes\Data Management Tools.tbx\CalculateField" Date="20151204" Time="101029">CalculateField Ibas_2010_p prov "PALENCIA-BURGOS" VB #</Process><Process ToolSource="c:\program files (x86)\arcgis\desktop10.1\ArcToolbox\Toolboxes\Data Management Tools.tbx\CalculateField" Date="20151204" Time="101045">CalculateField Ibas_2010_p prov "PALENCIA-VALLADOLID" VB #</Process><Process ToolSource="c:\program files (x86)\arcgis\desktop10.1\ArcToolbox\Toolboxes\Data Management Tools.tbx\CalculateField" Date="20151204" Time="101058">CalculateField Ibas_2010_p prov "PONTEVEDRA" VB #</Process><Process ToolSource="c:\program files (x86)\arcgis\desktop10.1\ArcToolbox\Toolboxes\Data Management Tools.tbx\CalculateField" Date="20151204" Time="101111">CalculateField Ibas_2010_p prov "PONTEVEDRA-A CORUÑA" VB #</Process><Process ToolSource="c:\program files (x86)\arcgis\desktop10.1\ArcToolbox\Toolboxes\Data Management Tools.tbx\CalculateField" Date="20151204" Time="101126">CalculateField Ibas_2010_p prov "CANTABRIA" VB #</Process><Process ToolSource="c:\program files (x86)\arcgis\desktop10.1\ArcToolbox\Toolboxes\Data Management Tools.tbx\CalculateField" Date="20151204" Time="101211">CalculateField Ibas_2010_p prov "CANTABRIA-BIZKAIA" VB #</Process><Process ToolSource="c:\program files (x86)\arcgis\desktop10.1\ArcToolbox\Toolboxes\Data Management Tools.tbx\CalculateField" Date="20151204" Time="101230">CalculateField Ibas_2010_p prov "CANTABRIA-BURGOS" VB #</Process><Process ToolSource="c:\program files (x86)\arcgis\desktop10.1\ArcToolbox\Toolboxes\Data Management Tools.tbx\CalculateField" Date="20151204" Time="101247">CalculateField Ibas_2010_p prov "CANTABRIA-BURGOS-BIZKAIA" VB #</Process><Process ToolSource="c:\program files (x86)\arcgis\desktop10.1\ArcToolbox\Toolboxes\Data Management Tools.tbx\CalculateField" Date="20151204" Time="101308">CalculateField Ibas_2010_p prov "SEVILLA-HUELVA-CÁDIZ" VB #</Process><Process ToolSource="c:\program files (x86)\arcgis\desktop10.1\ArcToolbox\Toolboxes\Data Management Tools.tbx\CalculateField" Date="20151204" Time="101332">CalculateField Ibas_2010_p prov "CANTABRIA-PALENCIA" VB #</Process><Process ToolSource="c:\program files (x86)\arcgis\desktop10.1\ArcToolbox\Toolboxes\Data Management Tools.tbx\CalculateField" Date="20151204" Time="101355">CalculateField Ibas_2010_p prov "SALAMANCA" VB #</Process><Process ToolSource="c:\program files (x86)\arcgis\desktop10.1\ArcToolbox\Toolboxes\Data Management Tools.tbx\CalculateField" Date="20151204" Time="101411">CalculateField Ibas_2010_p prov "SALAMANCA-ZAMORA" VB #</Process><Process ToolSource="c:\program files (x86)\arcgis\desktop10.1\ArcToolbox\Toolboxes\Data Management Tools.tbx\CalculateField" Date="20151204" Time="101426">CalculateField Ibas_2010_p prov "SEVILLA" VB #</Process><Process ToolSource="c:\program files (x86)\arcgis\desktop10.1\ArcToolbox\Toolboxes\Data Management Tools.tbx\CalculateField" Date="20151204" Time="101441">CalculateField Ibas_2010_p prov "SEGOVIA" VB #</Process><Process ToolSource="c:\program files (x86)\arcgis\desktop10.1\ArcToolbox\Toolboxes\Data Management Tools.tbx\CalculateField" Date="20151204" Time="101453">CalculateField Ibas_2010_p prov "SORIA" VB #</Process><Process ToolSource="c:\program files (x86)\arcgis\desktop10.1\ArcToolbox\Toolboxes\Data Management Tools.tbx\CalculateField" Date="20151204" Time="101505">CalculateField Ibas_2010_p prov "SORIA-BURGOS" VB #</Process><Process ToolSource="c:\program files (x86)\arcgis\desktop10.1\ArcToolbox\Toolboxes\Data Management Tools.tbx\CalculateField" Date="20151204" Time="101524">CalculateField Ibas_2010_p prov "SORIA-GUADALAJARA" VB #</Process><Process ToolSource="c:\program files (x86)\arcgis\desktop10.1\ArcToolbox\Toolboxes\Data Management Tools.tbx\CalculateField" Date="20151204" Time="101613">CalculateField Ibas_2010_p prov "GIPUZKOA" VB #</Process><Process ToolSource="c:\program files (x86)\arcgis\desktop10.1\ArcToolbox\Toolboxes\Data Management Tools.tbx\CalculateField" Date="20151204" Time="101630">CalculateField Ibas_2010_p prov "TARRAGONA" VB #</Process><Process ToolSource="c:\program files (x86)\arcgis\desktop10.1\ArcToolbox\Toolboxes\Data Management Tools.tbx\CalculateField" Date="20151204" Time="101649">CalculateField Ibas_2010_p prov "TARRAGONA-CASTELLÓN" VB #</Process><Process ToolSource="c:\program files (x86)\arcgis\desktop10.1\ArcToolbox\Toolboxes\Data Management Tools.tbx\CalculateField" Date="20151204" Time="101708">CalculateField Ibas_2010_p prov "TARRAGONA-CASTELLÓN-TERUEL" VB #</Process><Process ToolSource="c:\program files (x86)\arcgis\desktop10.1\ArcToolbox\Toolboxes\Data Management Tools.tbx\CalculateField" Date="20151204" Time="101727">CalculateField Ibas_2010_p prov "TARRAGONA-LLEIDA" VB #</Process><Process ToolSource="c:\program files (x86)\arcgis\desktop10.1\ArcToolbox\Toolboxes\Data Management Tools.tbx\CalculateField" Date="20151204" Time="101747">CalculateField Ibas_2010_p prov "TERUEL" VB #</Process><Process ToolSource="c:\program files (x86)\arcgis\desktop10.1\ArcToolbox\Toolboxes\Data Management Tools.tbx\CalculateField" Date="20151204" Time="101758">CalculateField Ibas_2010_p prov "TERUEL-CUENCA" VB #</Process><Process ToolSource="c:\program files (x86)\arcgis\desktop10.1\ArcToolbox\Toolboxes\Data Management Tools.tbx\CalculateField" Date="20151204" Time="101816">CalculateField Ibas_2010_p prov "TERUEL-GUADALAJARA" VB #</Process><Process ToolSource="c:\program files (x86)\arcgis\desktop10.1\ArcToolbox\Toolboxes\Data Management Tools.tbx\CalculateField" Date="20151204" Time="101831">CalculateField Ibas_2010_p prov "TERUEL-ZARAGOZA" VB #</Process><Process ToolSource="c:\program files (x86)\arcgis\desktop10.1\ArcToolbox\Toolboxes\Data Management Tools.tbx\CalculateField" Date="20151204" Time="101844">CalculateField Ibas_2010_p prov "TOLEDO" VB #</Process><Process ToolSource="c:\program files (x86)\arcgis\desktop10.1\ArcToolbox\Toolboxes\Data Management Tools.tbx\CalculateField" Date="20151204" Time="101907">CalculateField Ibas_2010_p prov "TOLEDO-CIUDAD REAL" VB #</Process><Process ToolSource="c:\program files (x86)\arcgis\desktop10.1\ArcToolbox\Toolboxes\Data Management Tools.tbx\CalculateField" Date="20151204" Time="101919">CalculateField Ibas_2010_p prov "TOLEDO-CIUDAD REAL-CUENCA" VB #</Process><Process ToolSource="c:\program files (x86)\arcgis\desktop10.1\ArcToolbox\Toolboxes\Data Management Tools.tbx\CalculateField" Date="20151204" Time="101931">CalculateField Ibas_2010_p prov "VALENCIA" VB #</Process><Process ToolSource="c:\program files (x86)\arcgis\desktop10.1\ArcToolbox\Toolboxes\Data Management Tools.tbx\CalculateField" Date="20151204" Time="101947">CalculateField Ibas_2010_p prov "VALENCIA-ALICANTE" VB #</Process><Process ToolSource="c:\program files (x86)\arcgis\desktop10.1\ArcToolbox\Toolboxes\Data Management Tools.tbx\CalculateField" Date="20151204" Time="102006">CalculateField Ibas_2010_p prov "VALENCIA-ALBACETE-CUENCA" VB #</Process><Process ToolSource="c:\program files (x86)\arcgis\desktop10.1\ArcToolbox\Toolboxes\Data Management Tools.tbx\CalculateField" Date="20151204" Time="102026">CalculateField Ibas_2010_p prov "VALENCIA-CUENCA-TERUEL" VB #</Process><Process ToolSource="c:\program files (x86)\arcgis\desktop10.1\ArcToolbox\Toolboxes\Data Management Tools.tbx\CalculateField" Date="20151204" Time="102044">CalculateField Ibas_2010_p prov "VALLADOLID" VB #</Process><Process ToolSource="c:\program files (x86)\arcgis\desktop10.1\ArcToolbox\Toolboxes\Data Management Tools.tbx\CalculateField" Date="20151204" Time="102105">CalculateField Ibas_2010_p prov "VALLADOLID-LEÓN-PALENCIA-ZAMORA" VB #</Process><Process ToolSource="c:\program files (x86)\arcgis\desktop10.1\ArcToolbox\Toolboxes\Data Management Tools.tbx\CalculateField" Date="20151204" Time="102150">CalculateField Ibas_2010_p prov "VALLADOLID-SALAMANCA-ÁVILA" VB #</Process><Process ToolSource="c:\program files (x86)\arcgis\desktop10.1\ArcToolbox\Toolboxes\Data Management Tools.tbx\CalculateField" Date="20151204" Time="102212">CalculateField Ibas_2010_p prov "VALENCIA-CASTELLÓN" VB #</Process><Process ToolSource="c:\program files (x86)\arcgis\desktop10.1\ArcToolbox\Toolboxes\Data Management Tools.tbx\CalculateField" Date="20151204" Time="102244">CalculateField Ibas_2010_p prov "ARABA" VB #</Process><Process ToolSource="c:\program files (x86)\arcgis\desktop10.1\ArcToolbox\Toolboxes\Data Management Tools.tbx\CalculateField" Date="20151204" Time="102258">CalculateField Ibas_2010_p prov "ARABA-BURGOS" VB #</Process><Process ToolSource="c:\program files (x86)\arcgis\desktop10.1\ArcToolbox\Toolboxes\Data Management Tools.tbx\CalculateField" Date="20151204" Time="102315">CalculateField Ibas_2010_p prov "ZARAGOZA" VB #</Process><Process ToolSource="c:\program files (x86)\arcgis\desktop10.1\ArcToolbox\Toolboxes\Data Management Tools.tbx\CalculateField" Date="20151204" Time="102524">CalculateField Ibas_2010_p prov "ZARAGOZA-HUESCA" VB #</Process><Process ToolSource="c:\program files (x86)\arcgis\desktop10.1\ArcToolbox\Toolboxes\Data Management Tools.tbx\CalculateField" Date="20151204" Time="102539">CalculateField Ibas_2010_p prov "ZARAGOZA-SORIA" VB #</Process><Process ToolSource="c:\program files (x86)\arcgis\desktop10.1\ArcToolbox\Toolboxes\Data Management Tools.tbx\CalculateField" Date="20151204" Time="102600">CalculateField Ibas_2010_p prov "ZARAGOZA-TERUEL-LLEIDA" VB #</Process><Process ToolSource="c:\program files (x86)\arcgis\desktop10.1\ArcToolbox\Toolboxes\Data Management Tools.tbx\CalculateField" Date="20151204" Time="102620">CalculateField Ibas_2010_p prov "ZARAGOZA-TERUEL" VB #</Process><Process ToolSource="c:\program files (x86)\arcgis\desktop10.1\ArcToolbox\Toolboxes\Data Management Tools.tbx\CalculateField" Date="20151204" Time="102637">CalculateField Ibas_2010_p prov "ZARAGOZA-TERUEL-GUADALAJARA" VB #</Process><Process ToolSource="c:\program files (x86)\arcgis\desktop10.1\ArcToolbox\Toolboxes\Data Management Tools.tbx\CalculateField" Date="20151204" Time="102649">CalculateField Ibas_2010_p prov "ZARAGOZA" VB #</Process><Process ToolSource="c:\program files (x86)\arcgis\desktop10.1\ArcToolbox\Toolboxes\Data Management Tools.tbx\CalculateField" Date="20151204" Time="102717">CalculateField Ibas_2010_p prov "ZAMORA-VALLADOLID" VB #</Process><Process ToolSource="c:\program files (x86)\arcgis\desktop10.1\ArcToolbox\Toolboxes\Data Management Tools.tbx\CalculateField" Date="20151204" Time="102729">CalculateField Ibas_2010_p prov "ZAMORA" VB #</Process><Process ToolSource="c:\program files (x86)\arcgis\desktop10.1\ArcToolbox\Toolboxes\Data Management Tools.tbx\CalculateField" Date="20151204" Time="102810">CalculateField Ibas_2010_p prov [PROVINCIA] VB #</Process><Process ToolSource="c:\program files (x86)\arcgis\desktop10.1\ArcToolbox\Toolboxes\Data Management Tools.tbx\CalculateField" Date="20151204" Time="135107">CalculateField Ibas_2010_p ca "CASTILLA Y LEÓN-PAÍS VASCO-LA RIOJA" VB #</Process><Process ToolSource="c:\program files (x86)\arcgis\desktop10.1\ArcToolbox\Toolboxes\Data Management Tools.tbx\CalculateField" Date="20151204" Time="135143">CalculateField Ibas_2010_p ca "GALICIA" VB #</Process><Process ToolSource="c:\program files (x86)\arcgis\desktop10.1\ArcToolbox\Toolboxes\Data Management Tools.tbx\CalculateField" Date="20151204" Time="135504">CalculateField Ibas_2010_p ca "CASTILLA-LA MANCHA" VB #</Process><Process ToolSource="c:\program files (x86)\arcgis\desktop10.1\ArcToolbox\Toolboxes\Data Management Tools.tbx\CalculateField" Date="20151204" Time="135523">CalculateField Ibas_2010_p ca "CASTILLA-LA MANCHA-REGIÓN DE MURCIA" VB #</Process><Process ToolSource="c:\program files (x86)\arcgis\desktop10.1\ArcToolbox\Toolboxes\Data Management Tools.tbx\CalculateField" Date="20151204" Time="135553">CalculateField Ibas_2010_p ca "COMUNIDAD VALENCIANA" VB #</Process><Process ToolSource="c:\program files (x86)\arcgis\desktop10.1\ArcToolbox\Toolboxes\Data Management Tools.tbx\CalculateField" Date="20151204" Time="135617">CalculateField Ibas_2010_p ca "COMUNIDAD VALENCIANA-REGIÓN DE MURCIA" VB #</Process><Process ToolSource="c:\program files (x86)\arcgis\desktop10.1\ArcToolbox\Toolboxes\Data Management Tools.tbx\CalculateField" Date="20151204" Time="135651">CalculateField Ibas_2010_p ca "ANDALUCÍA" VB #</Process><Process ToolSource="c:\program files (x86)\arcgis\desktop10.1\ArcToolbox\Toolboxes\Data Management Tools.tbx\CalculateField" Date="20151204" Time="135708">CalculateField Ibas_2010_p ca "PAÍS VASCO" VB #</Process><Process ToolSource="c:\program files (x86)\arcgis\desktop10.1\ArcToolbox\Toolboxes\Data Management Tools.tbx\CalculateField" Date="20151204" Time="135721">CalculateField Ibas_2010_p ca "PAÍS VASCO-CASTILLA Y LEÓN" VB #</Process><Process ToolSource="c:\program files (x86)\arcgis\desktop10.1\ArcToolbox\Toolboxes\Data Management Tools.tbx\CalculateField" Date="20151204" Time="135739">CalculateField Ibas_2010_p ca "PRINCIPADO DE ASTURIAS" VB #</Process><Process ToolSource="c:\program files (x86)\arcgis\desktop10.1\ArcToolbox\Toolboxes\Data Management Tools.tbx\CalculateField" Date="20151204" Time="135755">CalculateField Ibas_2010_p ca "PRINCIPADO DE ASTURIAS-CANTABRIA" VB #</Process><Process ToolSource="c:\program files (x86)\arcgis\desktop10.1\ArcToolbox\Toolboxes\Data Management Tools.tbx\CalculateField" Date="20151204" Time="135810">CalculateField Ibas_2010_p ca "PRINCIPADO DE ASTURIAS-CANTABRIA-CASTILLA Y LEÓN" VB #</Process><Process ToolSource="c:\program files (x86)\arcgis\desktop10.1\ArcToolbox\Toolboxes\Data Management Tools.tbx\CalculateField" Date="20151204" Time="135824">CalculateField Ibas_2010_p ca "PRINCIPADO DE ASTURIAS-CASTILLA Y LEÓN" VB #</Process><Process ToolSource="c:\program files (x86)\arcgis\desktop10.1\ArcToolbox\Toolboxes\Data Management Tools.tbx\CalculateField" Date="20151204" Time="135838">CalculateField Ibas_2010_p ca "CASTILLA Y LEÓN" VB #</Process><Process ToolSource="c:\program files (x86)\arcgis\desktop10.1\ArcToolbox\Toolboxes\Data Management Tools.tbx\CalculateField" Date="20151204" Time="135856">CalculateField Ibas_2010_p ca "CASTILLA Y LEÓN-EXTREMADURA" VB #</Process><Process ToolSource="c:\program files (x86)\arcgis\desktop10.1\ArcToolbox\Toolboxes\Data Management Tools.tbx\CalculateField" Date="20151204" Time="135921">CalculateField Ibas_2010_p ca "EXTREMADURA" VB #</Process><Process ToolSource="c:\program files (x86)\arcgis\desktop10.1\ArcToolbox\Toolboxes\Data Management Tools.tbx\CalculateField" Date="20151204" Time="135939">CalculateField Ibas_2010_p ca "EXTREMADURA-CASTILLA-LA MANCHA" VB #</Process><Process ToolSource="c:\program files (x86)\arcgis\desktop10.1\ArcToolbox\Toolboxes\Data Management Tools.tbx\CalculateField" Date="20151204" Time="135957">CalculateField Ibas_2010_p ca "CATALUÑA" VB #</Process><Process ToolSource="c:\program files (x86)\arcgis\desktop10.1\ArcToolbox\Toolboxes\Data Management Tools.tbx\CalculateField" Date="20151204" Time="140017">CalculateField Ibas_2010_p ca "PAÍS VASCO" VB #</Process><Process ToolSource="c:\program files (x86)\arcgis\desktop10.1\ArcToolbox\Toolboxes\Data Management Tools.tbx\CalculateField" Date="20151204" Time="140034">CalculateField Ibas_2010_p ca "CASTILLA Y LEÓN" VB #</Process><Process ToolSource="c:\program files (x86)\arcgis\desktop10.1\ArcToolbox\Toolboxes\Data Management Tools.tbx\CalculateField" Date="20151204" Time="140046">CalculateField Ibas_2010_p ca "CASTILLA Y LEÓN-PAÍS VASCO" VB #</Process><Process ToolSource="c:\program files (x86)\arcgis\desktop10.1\ArcToolbox\Toolboxes\Data Management Tools.tbx\CalculateField" Date="20151204" Time="140122">CalculateField Ibas_2010_p ca "CASTILLA Y LEÓN-CANTABRIA" VB #</Process><Process ToolSource="c:\program files (x86)\arcgis\desktop10.1\ArcToolbox\Toolboxes\Data Management Tools.tbx\CalculateField" Date="20151204" Time="140139">CalculateField Ibas_2010_p ca "CASTILLA Y LEÓN-LA RIOJA" VB #</Process><Process ToolSource="c:\program files (x86)\arcgis\desktop10.1\ArcToolbox\Toolboxes\Data Management Tools.tbx\CalculateField" Date="20151204" Time="140153">CalculateField Ibas_2010_p ca "CASTILLA Y LEÓN" VB #</Process><Process ToolSource="c:\program files (x86)\arcgis\desktop10.1\ArcToolbox\Toolboxes\Data Management Tools.tbx\CalculateField" Date="20151204" Time="140213">CalculateField Ibas_2010_p ca "EXTREMADURA" VB #</Process><Process ToolSource="c:\program files (x86)\arcgis\desktop10.1\ArcToolbox\Toolboxes\Data Management Tools.tbx\CalculateField" Date="20151204" Time="140235">CalculateField Ibas_2010_p ca "EXTREMADURA-CASTILLA-LA MANCHA" VB #</Process><Process ToolSource="c:\program files (x86)\arcgis\desktop10.1\ArcToolbox\Toolboxes\Data Management Tools.tbx\CalculateField" Date="20151204" Time="140300">CalculateField Ibas_2010_p ca "ANDALUCÍA" VB #</Process><Process ToolSource="c:\program files (x86)\arcgis\desktop10.1\ArcToolbox\Toolboxes\Data Management Tools.tbx\CalculateField" Date="20151204" Time="140328">CalculateField Ibas_2010_p ca "ANDALUCÍA-CIUDAD AUTÓNOMA DE CEUTA" VB #</Process><Process ToolSource="c:\program files (x86)\arcgis\desktop10.1\ArcToolbox\Toolboxes\Data Management Tools.tbx\CalculateField" Date="20151204" Time="140345">CalculateField Ibas_2010_p ca "ANDALUCÍA" VB #</Process><Process ToolSource="c:\program files (x86)\arcgis\desktop10.1\ArcToolbox\Toolboxes\Data Management Tools.tbx\CalculateField" Date="20151204" Time="140404">CalculateField Ibas_2010_p ca "CANTABRIA" VB #</Process><Process ToolSource="c:\program files (x86)\arcgis\desktop10.1\ArcToolbox\Toolboxes\Data Management Tools.tbx\CalculateField" Date="20151204" Time="140448">CalculateField Ibas_2010_p ca "CANTABRIA-PAÍS VASCO" VB #</Process><Process ToolSource="c:\program files (x86)\arcgis\desktop10.1\ArcToolbox\Toolboxes\Data Management Tools.tbx\CalculateField" Date="20151204" Time="140511">CalculateField Ibas_2010_p ca "CANTABRIA-CASTILLA Y LEÓN" VB #</Process><Process ToolSource="c:\program files (x86)\arcgis\desktop10.1\ArcToolbox\Toolboxes\Data Management Tools.tbx\CalculateField" Date="20151204" Time="140614">CalculateField Ibas_2010_p ca "CANTABRIA-CASTILLA Y LEÓN-PAÍS VASCO" VB #</Process><Process ToolSource="c:\program files (x86)\arcgis\desktop10.1\ArcToolbox\Toolboxes\Data Management Tools.tbx\CalculateField" Date="20151204" Time="140631">CalculateField Ibas_2010_p ca "CANTABRIA-CASTILLA Y LEÓN" VB #</Process><Process ToolSource="c:\program files (x86)\arcgis\desktop10.1\ArcToolbox\Toolboxes\Data Management Tools.tbx\CalculateField" Date="20151204" Time="141252">CalculateField Ibas_2010_p ca "COMUNIDAD VALENCIANA" VB #</Process><Process ToolSource="c:\program files (x86)\arcgis\desktop10.1\ArcToolbox\Toolboxes\Data Management Tools.tbx\CalculateField" Date="20151204" Time="141311">CalculateField Ibas_2010_p ca "CIUDAD AUTÓNOMA DE CEUTA" VB #</Process><Process ToolSource="c:\program files (x86)\arcgis\desktop10.1\ArcToolbox\Toolboxes\Data Management Tools.tbx\CalculateField" Date="20151204" Time="141328">CalculateField Ibas_2010_p ca "CIUDAD REAL" VB #</Process><Process ToolSource="c:\program files (x86)\arcgis\desktop10.1\ArcToolbox\Toolboxes\Data Management Tools.tbx\CalculateField" Date="20151204" Time="141342">CalculateField Ibas_2010_p ca "CASTILLA-LA MANCHA" VB #</Process><Process ToolSource="c:\program files (x86)\arcgis\desktop10.1\ArcToolbox\Toolboxes\Data Management Tools.tbx\CalculateField" Date="20151204" Time="141354">CalculateField Ibas_2010_p ca "CASTILLA-LA MANCHA-ANDALUCÍA" VB #</Process><Process ToolSource="c:\program files (x86)\arcgis\desktop10.1\ArcToolbox\Toolboxes\Data Management Tools.tbx\CalculateField" Date="20151204" Time="141412">CalculateField Ibas_2010_p ca "CASTILLA-LA MANCHA-ANDALUCÍA" VB #</Process><Process ToolSource="c:\program files (x86)\arcgis\desktop10.1\ArcToolbox\Toolboxes\Data Management Tools.tbx\CalculateField" Date="20151204" Time="141445">CalculateField Ibas_2010_p ca "ANDALUCÍA" VB #</Process><Process ToolSource="c:\program files (x86)\arcgis\desktop10.1\ArcToolbox\Toolboxes\Data Management Tools.tbx\CalculateField" Date="20151204" Time="141502">CalculateField Ibas_2010_p ca "ANDALUCÍA-EXTREMADURA" VB #</Process><Process ToolSource="c:\program files (x86)\arcgis\desktop10.1\ArcToolbox\Toolboxes\Data Management Tools.tbx\CalculateField" Date="20151204" Time="141541">CalculateField Ibas_2010_p ca "CASTILLA-LA MANCHA" VB #</Process><Process ToolSource="c:\program files (x86)\arcgis\desktop10.1\ArcToolbox\Toolboxes\Data Management Tools.tbx\CalculateField" Date="20151204" Time="141605">CalculateField Ibas_2010_p ca "CASTILLA-LA MANCHA-COMUNIDAD VALENCIANA" VB #</Process><Process ToolSource="c:\program files (x86)\arcgis\desktop10.1\ArcToolbox\Toolboxes\Data Management Tools.tbx\CalculateField" Date="20151204" Time="141620">CalculateField Ibas_2010_p ca "PAÍS VASCO" VB #</Process><Process ToolSource="c:\program files (x86)\arcgis\desktop10.1\ArcToolbox\Toolboxes\Data Management Tools.tbx\CalculateField" Date="20151204" Time="141644">CalculateField Ibas_2010_p ca "CATALUÑA" VB #</Process><Process ToolSource="c:\program files (x86)\arcgis\desktop10.1\ArcToolbox\Toolboxes\Data Management Tools.tbx\CalculateField" Date="20151204" Time="141713">CalculateField Ibas_2010_p ca "ANDALUCÍA" VB #</Process><Process ToolSource="c:\program files (x86)\arcgis\desktop10.1\ArcToolbox\Toolboxes\Data Management Tools.tbx\CalculateField" Date="20151204" Time="141738">CalculateField Ibas_2010_p ca "CASTILLA-LA MANCHA" VB #</Process><Process ToolSource="c:\program files (x86)\arcgis\desktop10.1\ArcToolbox\Toolboxes\Data Management Tools.tbx\CalculateField" Date="20151204" Time="141755">CalculateField Ibas_2010_p ca "CASTILLA-LA MANCHA-COMUNIDAD DE MADRID" VB #</Process><Process ToolSource="c:\program files (x86)\arcgis\desktop10.1\ArcToolbox\Toolboxes\Data Management Tools.tbx\CalculateField" Date="20151204" Time="141815">CalculateField Ibas_2010_p ca "CASTILLA-LA MANCHA-COMUNIDAD DE MADRID-CASTILLA Y LEÓN" VB #</Process><Process ToolSource="c:\program files (x86)\arcgis\desktop10.1\ArcToolbox\Toolboxes\Data Management Tools.tbx\CalculateField" Date="20151204" Time="141831">CalculateField Ibas_2010_p ca "CASTILLA-LA MANCHA-CASTILLA Y LEÓN" VB #</Process><Process ToolSource="c:\program files (x86)\arcgis\desktop10.1\ArcToolbox\Toolboxes\Data Management Tools.tbx\CalculateField" Date="20151204" Time="141850">CalculateField Ibas_2010_p ca "CASTILLA-LA MANCHA-ARAGÓN" VB #</Process><Process ToolSource="c:\program files (x86)\arcgis\desktop10.1\ArcToolbox\Toolboxes\Data Management Tools.tbx\CalculateField" Date="20151204" Time="141918">CalculateField Ibas_2010_p ca "ANDALUCÍA" VB #</Process><Process ToolSource="c:\program files (x86)\arcgis\desktop10.1\ArcToolbox\Toolboxes\Data Management Tools.tbx\CalculateField" Date="20151204" Time="141931">CalculateField Ibas_2010_p ca "ANDALUCÍA-EXTREMADURA" VB #</Process><Process ToolSource="c:\program files (x86)\arcgis\desktop10.1\ArcToolbox\Toolboxes\Data Management Tools.tbx\CalculateField" Date="20151204" Time="141953">CalculateField Ibas_2010_p ca "ARAGÓN" VB #</Process><Process ToolSource="c:\program files (x86)\arcgis\desktop10.1\ArcToolbox\Toolboxes\Data Management Tools.tbx\CalculateField" Date="20151204" Time="142010">CalculateField Ibas_2010_p ca "ARAGÓN-COMUNIDAD FORAL DE NAVARRA" VB #</Process><Process ToolSource="c:\program files (x86)\arcgis\desktop10.1\ArcToolbox\Toolboxes\Data Management Tools.tbx\CalculateField" Date="20151204" Time="142026">CalculateField Ibas_2010_p ca "ARAGÓN" VB #</Process><Process ToolSource="c:\program files (x86)\arcgis\desktop10.1\ArcToolbox\Toolboxes\Data Management Tools.tbx\CalculateField" Date="20151204" Time="142042">CalculateField Ibas_2010_p ca "ARAGÓN-CATALUÑA" VB #</Process><Process ToolSource="c:\program files (x86)\arcgis\desktop10.1\ArcToolbox\Toolboxes\Data Management Tools.tbx\CalculateField" Date="20151209" Time="085058">CalculateField Ibas_2010_p ca "ARAGÓN-CASTILLA Y LEÓN" VB #</Process><Process ToolSource="c:\program files (x86)\arcgis\desktop10.1\ArcToolbox\Toolboxes\Data Management Tools.tbx\CalculateField" Date="20151209" Time="085230">CalculateField Ibas_2010_p ca "ILLES BALEARS" VB #</Process><Process ToolSource="c:\program files (x86)\arcgis\desktop10.1\ArcToolbox\Toolboxes\Data Management Tools.tbx\CalculateField" Date="20151209" Time="085319">CalculateField Ibas_2010_p ca "CASTILLA-LA MANCHA" VB #</Process><Process ToolSource="c:\program files (x86)\arcgis\desktop10.1\ArcToolbox\Toolboxes\Data Management Tools.tbx\CalculateField" Date="20151209" Time="085402">CalculateField Ibas_2010_p ca "REGIÓN DE MURCIA" VB #</Process><Process ToolSource="c:\program files (x86)\arcgis\desktop10.1\ArcToolbox\Toolboxes\Data Management Tools.tbx\CalculateField" Date="20151209" Time="085416">CalculateField Ibas_2010_p ca "REGIÓN DE MURCIA-ANDALUCÍA" VB #</Process><Process ToolSource="c:\program files (x86)\arcgis\desktop10.1\ArcToolbox\Toolboxes\Data Management Tools.tbx\CalculateField" Date="20151209" Time="085434">CalculateField Ibas_2010_p ca "COMUNIDAD FORAL DE NAVARRA" VB #</Process><Process ToolSource="c:\program files (x86)\arcgis\desktop10.1\ArcToolbox\Toolboxes\Data Management Tools.tbx\CalculateField" Date="20151209" Time="085448">CalculateField Ibas_2010_p ca "COMUNIDAD FORAL DE NAVARRA-ARAGÓN" VB #</Process><Process ToolSource="c:\program files (x86)\arcgis\desktop10.1\ArcToolbox\Toolboxes\Data Management Tools.tbx\CalculateField" Date="20151209" Time="085504">CalculateField Ibas_2010_p ca "COMUNIDAD FORAL DE NAVARRA-ARAGÓN-PAÍS VASCO" VB #</Process><Process ToolSource="c:\program files (x86)\arcgis\desktop10.1\ArcToolbox\Toolboxes\Data Management Tools.tbx\CalculateField" Date="20151209" Time="085533">CalculateField Ibas_2010_p ca "COMUNIDAD VALENCIANA" VB #</Process><Process ToolSource="c:\program files (x86)\arcgis\desktop10.1\ArcToolbox\Toolboxes\Data Management Tools.tbx\CalculateField" Date="20151209" Time="085550">CalculateField Ibas_2010_p ca "COMUNIDAD VALENCIANA-CASTILLA-LA MANCHA" VB #</Process><Process ToolSource="c:\program files (x86)\arcgis\desktop10.1\ArcToolbox\Toolboxes\Data Management Tools.tbx\CalculateField" Date="20151209" Time="085606">CalculateField Ibas_2010_p ca "COMUNIDAD VALENCIANA-CASTILLA-LA MANCHA-ARAGÓN" VB #</Process><Process ToolSource="c:\program files (x86)\arcgis\desktop10.1\ArcToolbox\Toolboxes\Data Management Tools.tbx\CalculateField" Date="20151209" Time="085659">CalculateField Ibas_2010_p ca "COMUNIDAD DE MADRID" VB #</Process><Process ToolSource="c:\program files (x86)\arcgis\desktop10.1\ArcToolbox\Toolboxes\Data Management Tools.tbx\CalculateField" Date="20151209" Time="085719">CalculateField Ibas_2010_p ca "COMUNIDAD DE MADRID-CASTILLA-LA MANCHA" VB #</Process><Process ToolSource="c:\program files (x86)\arcgis\desktop10.1\ArcToolbox\Toolboxes\Data Management Tools.tbx\CalculateField" Date="20151209" Time="085738">CalculateField Ibas_2010_p ca "COMUNIDAD DE MADRID-CASTILLA Y LEÓN-CASTILLA-LA MANCHA" VB #</Process><Process ToolSource="c:\program files (x86)\arcgis\desktop10.1\ArcToolbox\Toolboxes\Data Management Tools.tbx\CalculateField" Date="20151209" Time="085808">CalculateField Ibas_2010_p ca "CIUDAD AUTÓNOMA DE MELILLA" VB #</Process><Process ToolSource="c:\program files (x86)\arcgis\desktop10.1\ArcToolbox\Toolboxes\Data Management Tools.tbx\CalculateField" Date="20151209" Time="085844">CalculateField Ibas_2010_p ca "GALICIA" VB #</Process><Process ToolSource="c:\program files (x86)\arcgis\desktop10.1\ArcToolbox\Toolboxes\Data Management Tools.tbx\CalculateField" Date="20151209" Time="085857">CalculateField Ibas_2010_p ca "GALICIA" VB #</Process><Process ToolSource="c:\program files (x86)\arcgis\desktop10.1\ArcToolbox\Toolboxes\Data Management Tools.tbx\CalculateField" Date="20151209" Time="085913">CalculateField Ibas_2010_p ca "GALICIA-PRINCIPADO DE ASTURIAS" VB #</Process><Process ToolSource="c:\program files (x86)\arcgis\desktop10.1\ArcToolbox\Toolboxes\Data Management Tools.tbx\CalculateField" Date="20151209" Time="085937">CalculateField Ibas_2010_p ca "LA RIOJA" VB #</Process><Process ToolSource="c:\program files (x86)\arcgis\desktop10.1\ArcToolbox\Toolboxes\Data Management Tools.tbx\CalculateField" Date="20151209" Time="085959">CalculateField Ibas_2010_p ca "LA RIOJA-CASTILLA Y LEÓN" VB #</Process><Process ToolSource="c:\program files (x86)\arcgis\desktop10.1\ArcToolbox\Toolboxes\Data Management Tools.tbx\CalculateField" Date="20151209" Time="090039">CalculateField Ibas_2010_p ca "ARAGÓN" VB #</Process><Process ToolSource="c:\program files (x86)\arcgis\desktop10.1\ArcToolbox\Toolboxes\Data Management Tools.tbx\CalculateField" Date="20151209" Time="090054">CalculateField Ibas_2010_p ca "ARAGÓN-CASTILLA-LA MANCHA" VB #</Process><Process ToolSource="c:\program files (x86)\arcgis\desktop10.1\ArcToolbox\Toolboxes\Data Management Tools.tbx\CalculateField" Date="20151209" Time="090114">CalculateField Ibas_2010_p ca "ARAGÓN-CATALUÑA" VB #</Process><Process ToolSource="c:\program files (x86)\arcgis\desktop10.1\ArcToolbox\Toolboxes\Data Management Tools.tbx\CalculateField" Date="20151209" Time="090158">CalculateField Ibas_2010_p ca "CASTILLA Y LEÓN" VB #</Process><Process ToolSource="c:\program files (x86)\arcgis\desktop10.1\ArcToolbox\Toolboxes\Data Management Tools.tbx\CalculateField" Date="20151209" Time="090215">CalculateField Ibas_2010_p ca "CASTILLA Y LEÓN-CASTILLA-LA MANCHA" VB #</Process><Process ToolSource="c:\program files (x86)\arcgis\desktop10.1\ArcToolbox\Toolboxes\Data Management Tools.tbx\CalculateField" Date="20151209" Time="090238">CalculateField Ibas_2010_p ca "CASTILLA Y LEÓN-GALICIA" VB #</Process><Process ToolSource="c:\program files (x86)\arcgis\desktop10.1\ArcToolbox\Toolboxes\Data Management Tools.tbx\CalculateField" Date="20151209" Time="090341">CalculateField Ibas_2010_p ca "ANDALUCÍA" VB #</Process><Process ToolSource="c:\program files (x86)\arcgis\desktop10.1\ArcToolbox\Toolboxes\Data Management Tools.tbx\CalculateField" Date="20151209" Time="090356">CalculateField Ibas_2010_p ca "ANDALUCÍA-CASTILLA-LA MANCHA" VB #</Process><Process ToolSource="c:\program files (x86)\arcgis\desktop10.1\ArcToolbox\Toolboxes\Data Management Tools.tbx\CalculateField" Date="20151209" Time="090434">CalculateField Ibas_2010_p ca "CATALUÑA" VB #</Process><Process ToolSource="c:\program files (x86)\arcgis\desktop10.1\ArcToolbox\Toolboxes\Data Management Tools.tbx\CalculateField" Date="20151209" Time="090446">CalculateField Ibas_2010_p ca "CATALUÑA-ARAGÓN" VB #</Process><Process ToolSource="c:\program files (x86)\arcgis\desktop10.1\ArcToolbox\Toolboxes\Data Management Tools.tbx\CalculateField" Date="20151209" Time="090502">CalculateField Ibas_2010_p ca "CATALUÑA-COMUNIDAD VALENCIANA" VB #</Process><Process ToolSource="c:\program files (x86)\arcgis\desktop10.1\ArcToolbox\Toolboxes\Data Management Tools.tbx\CalculateField" Date="20151209" Time="090518">CalculateField Ibas_2010_p ca "CATALUÑA-COMUNIDAD VALENCIANA-ARAGÓN" VB #</Process><Process ToolSource="c:\program files (x86)\arcgis\desktop10.1\ArcToolbox\Toolboxes\Data Management Tools.tbx\Project" Date="20151209" Time="092033">Project Ibas_2010_p B:\ZONAS_SENSIBLES\IBAS\Difusion\Cartografia\ParaWEBDiciembre2015\Ibas.gdb\geo\ibas_p_2010 GEOGCS['GCS_ETRS_1989',DATUM['D_ETRS_1989',SPHEROID['GRS_1980',6378137.0,298.257222101]],PRIMEM['Greenwich',0.0],UNIT['Degree',0.0174532925199433]] # PROJCS['ETRS_1989_UTM_Zone_30N',GEOGCS['GCS_ETRS_1989',DATUM['D_ETRS_1989',SPHEROID['GRS_1980',6378137.0,298.257222101]],PRIMEM['Greenwich',0.0],UNIT['Degree',0.0174532925199433]],PROJECTION['Transverse_Mercator'],PARAMETER['False_Easting',500000.0],PARAMETER['False_Northing',0.0],PARAMETER['Central_Meridian',-3.0],PARAMETER['Scale_Factor',0.9996],PARAMETER['Latitude_Of_Origin',0.0],UNIT['Meter',1.0]]</Process><Process ToolSource="c:\program files (x86)\arcgis\desktop10.1\ArcToolbox\Toolboxes\Data Management Tools.tbx\CalculateField" Date="20151209" Time="100540">CalculateField ibas_2010 ca "CANARIAS" VB #</Process><Process ToolSource="c:\program files (x86)\arcgis\desktop10.1\ArcToolbox\Toolboxes\Data Management Tools.tbx\CalculateField" Date="20151209" Time="100704">CalculateField ibas_2010 prov "SANTA CRUZ DE TENERIFE" VB #</Process><Process ToolSource="c:\program files (x86)\arcgis\desktop10.1\ArcToolbox\Toolboxes\Data Management Tools.tbx\CalculateField" Date="20151209" Time="100840">CalculateField ibas_2010 prov "SANTA CRUZ DE TENERIFE" VB #</Process><Process ToolSource="c:\program files (x86)\arcgis\desktop10.1\ArcToolbox\Toolboxes\Data Management Tools.tbx\CalculateField" Date="20151209" Time="100944">CalculateField ibas_2010 prov "LAS PALMAS" VB #</Process><Process ToolSource="c:\program files (x86)\arcgis\desktop10.0\ArcToolbox\Toolboxes\Conversion Tools.tbx\FeatureClassToFeatureClass" Date="20151214" Time="132212">FeatureClassToFeatureClass "Z:\50 - Datos\datos\Datos Recibidos\2015\DG Biodiversidad\20151210\DGB_20151201.gdb\IBAS" "Database Connections\sdeserver (dgb).sde\DGB.AREAS_PROTEGIDAS_ET" IBAS # "IBAS_CODE "IBAS_CODE" true true false 4 Long 0 0 ,First,#,Z:\50 - Datos\datos\Datos Recibidos\2015\DG Biodiversidad\20151210\DGB_20151201.gdb\IBAS,IBA,-1,-1;IBAS_NAME "IBAS_NAME" true true false 100 Text 0 0 ,First,#,Z:\50 - Datos\datos\Datos Recibidos\2015\DG Biodiversidad\20151210\DGB_20151201.gdb\IBAS,NOMBRE,-1,-1;SUPERF_HA "SUPERF_HA" true true false 8 Double 0 0 ,First,#,Z:\50 - Datos\datos\Datos Recibidos\2015\DG Biodiversidad\20151210\DGB_20151201.gdb\IBAS,Sup_ha,-1,-1;PROV_N_IBAS "PROV_N_IBAS" true true false 100 Text 0 0 ,First,#,Z:\50 - Datos\datos\Datos Recibidos\2015\DG Biodiversidad\20151210\DGB_20151201.gdb\IBAS,prov,-1,-1;CCAA_N_IBAS "CCAA_N_IBAS" true true false 100 Text 0 0 ,First,#,Z:\50 - Datos\datos\Datos Recibidos\2015\DG Biodiversidad\20151210\DGB_20151201.gdb\IBAS,ca,-1,-1" #</Process></lineage><itemProps><itemLocation><linkage Sync="TRUE">Server=sdeserver; Service=5151; User=dgb; Version=SDE.DEFAULT</linkage><protocol Sync="TRUE">ArcSDE Connection</protocol></itemLocation><itemName Sync="TRUE">DGB.IBAS</itemName><nativeExtBox><westBL Sync="TRUE">-18.227179</westBL><eastBL Sync="TRUE">4.378143</eastBL><southBL Sync="TRUE">27.639916</southBL><northBL Sync="TRUE">43.909295</northBL><exTypeCode Sync="TRUE">1</exTypeCode></nativeExtBox><imsContentType Sync="TRUE">002</imsContentType></itemProps><coordRef><type Sync="TRUE">Geographic</type><geogcsn Sync="TRUE">GCS_ETRS_1989</geogcsn><csUnits Sync="TRUE">Angular Unit: Degree (0.017453)</csUnits><peXml Sync="TRUE">&lt;GeographicCoordinateSystem xsi:type='typens:GeographicCoordinateSystem' xmlns:xsi='http://www.w3.org/2001/XMLSchema-instance' xmlns:xs='http://www.w3.org/2001/XMLSchema' xmlns:typens='http://www.esri.com/schemas/ArcGIS/10.0'&gt;&lt;WKT&gt;GEOGCS[&amp;quot;GCS_ETRS_1989&amp;quot;,DATUM[&amp;quot;D_ETRS_1989&amp;quot;,SPHEROID[&amp;quot;GRS_1980&amp;quot;,6378137.0,298.257222101]],PRIMEM[&amp;quot;Greenwich&amp;quot;,0.0],UNIT[&amp;quot;Degree&amp;quot;,0.0174532925199433],AUTHORITY[&amp;quot;EPSG&amp;quot;,4258]]&lt;/WKT&gt;&lt;XOrigin&gt;-400&lt;/XOrigin&gt;&lt;YOrigin&gt;-400&lt;/YOrigin&gt;&lt;XYScale&gt;999999999.99999988&lt;/XYScale&gt;&lt;ZOrigin&gt;0&lt;/ZOrigin&gt;&lt;ZScale&gt;1&lt;/ZScale&gt;&lt;MOrigin&gt;0&lt;/MOrigin&gt;&lt;MScale&gt;1&lt;/MScale&gt;&lt;XYTolerance&gt;9.9999999999999995e-008&lt;/XYTolerance&gt;&lt;ZTolerance&gt;0.001&lt;/ZTolerance&gt;&lt;MTolerance&gt;0.001&lt;/MTolerance&gt;&lt;HighPrecision&gt;true&lt;/HighPrecision&gt;&lt;LeftLongitude&gt;-180&lt;/LeftLongitude&gt;&lt;WKID&gt;4258&lt;/WKID&gt;&lt;/GeographicCoordinateSystem&gt;</peXml></coordRef></DataProperties><SyncDate>20151214</SyncDate><SyncTime>13214300</SyncTime><ModDate>20151214</ModDate><ModTime>13214300</ModTime><ArcGISFormat>1.0</ArcGISFormat><ArcGISstyle>ISO 19139 Metadata Implementation Specification</ArcGISstyle><scaleRange><minScale>500000</minScale><maxScale>5000</maxScale></scaleRange></Esri><eainfo><detailed Name="DGB.IBAS"><enttyp><enttypl Sync="TRUE">DGB.IBAS</enttypl><enttypt Sync="TRUE">Feature Class</enttypt><enttypc Sync="TRUE">0</enttypc></enttyp><attr><attrlabl Sync="TRUE">OBJECTID</attrlabl><attalias Sync="TRUE">OBJECTID</attalias><attrtype Sync="TRUE">OID</attrtype><attwidth Sync="TRUE">4</attwidth><atprecis Sync="TRUE">10</atprecis><attscale Sync="TRUE">0</attscale><attrdef Sync="TRUE">Internal feature number.</attrdef><attrdefs Sync="TRUE">Esri</attrdefs><attrdomv><udom Sync="TRUE">Sequential unique whole numbers that are automatically generated.</udom></attrdomv></attr><attr><attrlabl Sync="TRUE">IBAS_CODE</attrlabl><attalias Sync="TRUE">IBAS_CODE</attalias><attrtype Sync="TRUE">Integer</attrtype><attwidth Sync="TRUE">4</attwidth><atprecis Sync="TRUE">10</atprecis><attscale Sync="TRUE">0</attscale></attr><attr><attrlabl Sync="TRUE">IBAS_NAME</attrlabl><attalias Sync="TRUE">IBAS_NAME</attalias><attrtype Sync="TRUE">String</attrtype><attwidth Sync="TRUE">100</attwidth><atprecis Sync="TRUE">0</atprecis><attscale Sync="TRUE">0</attscale></attr><attr><attrlabl Sync="TRUE">SUPERF_HA</attrlabl><attalias Sync="TRUE">SUPERF_HA</attalias><attrtype Sync="TRUE">Double</attrtype><attwidth Sync="TRUE">8</attwidth><atprecis Sync="TRUE">38</atprecis><attscale Sync="TRUE">8</attscale></attr><attr><attrlabl Sync="TRUE">PROV_N_IBAS</attrlabl><attalias Sync="TRUE">PROV_N_IBAS</attalias><attrtype Sync="TRUE">String</attrtype><attwidth Sync="TRUE">100</attwidth><atprecis Sync="TRUE">0</atprecis><attscale Sync="TRUE">0</attscale></attr><attr><attrlabl Sync="TRUE">CCAA_N_IBAS</attrlabl><attalias Sync="TRUE">CCAA_N_IBAS</attalias><attrtype Sync="TRUE">String</attrtype><attwidth Sync="TRUE">100</attwidth><atprecis Sync="TRUE">0</atprecis><attscale Sync="TRUE">0</attscale></attr><attr><attrlabl Sync="TRUE">Shape</attrlabl><attalias Sync="TRUE">SHAPE</attalias><attrtype Sync="TRUE">Geometry</attrtype><attwidth Sync="TRUE">4</attwidth><atprecis Sync="TRUE">0</atprecis><attscale Sync="TRUE">0</attscale><attrdef Sync="TRUE">Feature geometry.</attrdef><attrdefs Sync="TRUE">ESRI</attrdefs><attrdomv><udom Sync="TRUE">Coordinates defining the features.</udom></attrdomv></attr><attr><attrlabl Sync="TRUE">SHAPE.AREA</attrlabl><attalias Sync="TRUE">SHAPE.AREA</attalias><attrtype Sync="TRUE">Double</attrtype><attwidth Sync="TRUE">0</attwidth><atprecis Sync="TRUE">0</atprecis><attscale Sync="TRUE">0</attscale></attr><attr><attrlabl Sync="TRUE">SHAPE.LEN</attrlabl><attalias Sync="TRUE">SHAPE.LEN</attalias><attrtype Sync="TRUE">Double</attrtype><attwidth Sync="TRUE">0</attwidth><atprecis Sync="TRUE">0</atprecis><attscale Sync="TRUE">0</attscale></attr></detailed></eainfo><mdFileID>ESMAGRAMAIBASMARINAS_TERRESTRES20150915</mdFileID><mdLang><languageCode value="spa"/><countryCode value="ESP" Sync="TRUE"></countryCode></mdLang><mdChar><CharSetCd value="004"/></mdChar><mdParentID/><mdHrLvName Sync="TRUE">dataset</mdHrLvName><mdContact><rpIndName/><rpOrgName>MAGRAMA. Dirección General de Calidad y Evaluación Ambiental. Subdirección General de Medio Natural</rpOrgName><rpPosName>Jefe de Área de Banco de Datos de la Naturaleza</rpPosName><rpCntInfo><cntPhone><voiceNum>+34915976155</voiceNum></cntPhone><cntAddress><delPoint>Plaza San Juan de la Cruz, s/n</delPoint><city>Madrid</city><adminArea>Madrid</adminArea><postCode>28003</postCode><country>España</country><eMailAdd>brfranco@magrama.es</eMailAdd></cntAddress></rpCntInfo></mdContact><mdDateSt Sync="TRUE">20151214</mdDateSt><mdStanName>ArcGIS Metadata</mdStanName><mdStanVer>1.0</mdStanVer><distInfo><distributor><distorCont><rpIndName/><rpOrgName>Ministerio de Agricultura, Alimentación y Medio Ambiente</rpOrgName><rpPosName>Jefe de Area</rpPosName><rpCntInfo><cntPhone><voiceNum>+34917493965</voiceNum></cntPhone><cntAddress><delPoint>Plaza San Juan de la Cruz, s/n</delPoint><city>Madrid</city><postCode>28003</postCode><country>España</country></cntAddress><cntOnlineRes><linkage>http://www.seo.org/cartografia-iba/</linkage></cntOnlineRes><cntHours>09.00-15.00</cntHours></rpCntInfo></distorCont><distorFormat><formatName>SHP</formatName><formatVer>-</formatVer></distorFormat></distributor><distFormat><formatName Sync="TRUE">SDE Feature Class</formatName><formatVer>-</formatVer></distFormat><distTranOps><onLineSrc><linkage>http://www.seo.org/cartografia-iba/</linkage></onLineSrc></distTranOps></distInfo><dataIdInfo><idCitation><resTitle Sync="TRUE">DGB.IBAS</resTitle><resAltTitle>IBAs-Marinas y Terrestres</resAltTitle><date><pubDate>2015-09-15T00:00:00</pubDate></date><citRespParty><rpIndName/><rpOrgName/><rpPosName>Jefe de Area</rpPosName><rpCntInfo><cntPhone><voiceNum>(+34) 914340910</voiceNum></cntPhone><cntAddress><delPoint>C/ Melquiades Biencinto, 34</delPoint><city>Madrid</city><postCode>28053</postCode><country>España</country><eMailAdd>oinfante@sea.org</eMailAdd></cntAddress><cntOnlineRes><linkage>http://www.seo.org/cartografia-iba/</linkage></cntOnlineRes></rpCntInfo></citRespParty><citRespParty><rpIndName/><rpOrgName>SEO/BirdLife</rpOrgName><rpPosName>Técnico Programa Marino</rpPosName><rpCntInfo><cntAddress><delPoint>C/ Murcia 2-8, Local 13</delPoint><city>Barcelona</city><adminArea>Barcelona</adminArea><postCode>08026</postCode><country>España</country><eMailAdd>www.seo.org</eMailAdd></cntAddress><cntOnlineRes><linkage>www.seo.org</linkage></cntOnlineRes></rpCntInfo></citRespParty><presForm><PresFormCd value="005" Sync="TRUE"></PresFormCd></presForm></idCitation><idAbs>-</idAbs><idPurp>Conocer cual es el número de Áreas Importantes para la Conservación de las Aves en España, su superficie y localización, para aquellos estudios, estrategias y proyectos que afectan a este tipo de espacios.</idPurp><idCredit>-</idCredit><idPoC><rpIndName/><rpOrgName>SEO / BirdLife</rpOrgName><rpPosName/><rpCntInfo><cntPhone><voiceNum>+34 914 340 910</voiceNum></cntPhone><cntAddress><delPoint>C/ Melquiades Biencinto 34</delPoint><city>Madrid</city><postCode>28053</postCode><country>España</country><eMailAdd>www.seo.org</eMailAdd></cntAddress><cntOnlineRes><linkage>http://www.seo.org/cartografia-iba/</linkage></cntOnlineRes></rpCntInfo></idPoC><dsFormat><formatName>SHP</formatName><formatVer>-</formatVer></dsFormat><placeKeys><keyword>ESPAÑA</keyword><thesaName><resTitle>EuropeanTerritorialUnits</resTitle><date><pubDate>1998-01-01T00:00:00</pubDate></date></thesaName></placeKeys><themeKeys><keyword>MEDIO NATURAL, MEDIO ANTRÓPICO.MEDIO AMBIENTE (medio natural, medio antrópico).medio ambiente.medio natural</keyword><thesaName><resTitle>GEMET</resTitle><date><pubDate>1998-01-01T00:00:00</pubDate></date></thesaName></themeKeys><themeKeys><keyword>HIDROSFERA (agua dulce, agua marina, aguas)</keyword><keyword>MEDIO NATURAL, MEDIO ANTRÓPICO</keyword><keyword>hidrosfera</keyword><keyword>mares</keyword><thesaName><resTitle>GEMET</resTitle><date><pubDate>2006-02-15T00:00:00</pubDate></date></thesaName></themeKeys><themeKeys><keyword>Lugares protegidos</keyword><thesaName><resTitle>INSPIRE_SpatialThemes</resTitle><date><pubDate>1998-01-01T00:00:00</pubDate></date></thesaName></themeKeys><themeKeys><keyword>Aves marinas, IBA, SEO/BirdLife, medio marino</keyword></themeKeys><searchKeys><keyword>HIDROSFERA (agua dulce, agua marina, aguas)</keyword><keyword>MEDIO NATURAL, MEDIO ANTRÓPICO</keyword><keyword>MEDIO NATURAL, MEDIO ANTRÓPICO.MEDIO AMBIENTE (medio natural, medio antrópico).medio ambiente.medio natural</keyword><keyword>Aves marinas, IBA, SEO/BirdLife, medio marino</keyword><keyword>hidrosfera</keyword><keyword>Lugares protegidos</keyword><keyword>ESPAÑA</keyword><keyword>mares</keyword></searchKeys><resConst><LegConsts><useLimit>No se aplican condiciones</useLimit><othConsts>Acceso público y gratuito. Será necesario nombrar la fuente de procedencia de la información de la siguiente manera: "Fuente: Ministerio de Agricultura, Alimentación y Medio Ambiente"</othConsts></LegConsts></resConst><dataScale><equScale><rfDenom>50000</rfDenom></equScale></dataScale><dataLang><languageCode value="spa"/><countryCode value="ESP" Sync="TRUE"></countryCode></dataLang><tpCat><TopicCatCd value="002"/></tpCat><tpCat><TopicCatCd value="014"/></tpCat><tpCat><TopicCatCd value="007"/></tpCat><dataExt><exDesc>Canarias</exDesc><geoEle><GeoBndBox><westBL>-19.6692835527199</westBL><eastBL>-9.58292771459258</eastBL><southBL>26.5538352593503</southBL><northBL>32.5498716792509</northBL></GeoBndBox></geoEle></dataExt><dataExt><exDesc>Peninsula y Baleares</exDesc><geoEle><GeoBndBox><westBL>-15.2176654274117</westBL><eastBL>4.90986402798972</eastBL><southBL>34.297985099615</southBL><northBL>45.0412966417264</northBL></GeoBndBox></geoEle></dataExt><envirDesc Sync="TRUE">Microsoft Windows 7 Version 6.1 (Build 7601) Service Pack 1; ESRI ArcGIS 10.0.5.4400</envirDesc><spatRpType><SpatRepTypCd value="001" Sync="TRUE"></SpatRepTypCd></spatRpType><dataExt><geoEle><GeoBndBox esriExtentType="search"><exTypeCode Sync="TRUE">1</exTypeCode><westBL Sync="TRUE">-18.227179</westBL><eastBL Sync="TRUE">4.378143</eastBL><northBL Sync="TRUE">43.909295</northBL><southBL Sync="TRUE">27.639916</southBL></GeoBndBox></geoEle></dataExt></dataIdInfo><mdMaint><contact><rpIndName/><rpOrgName>Ministerio de Agricultura, Alimentación y Medio Ambiente</rpOrgName><rpPosName>Jefe de Area</rpPosName><rpCntInfo><cntPhone><voiceNum>+34915976155</voiceNum></cntPhone><cntAddress><delPoint>Plaza San Juan de la Cruz, s/n</delPoint><city>Madrid</city><postCode>28071</postCode><country>España</country></cntAddress><cntOnlineRes><linkage>http:\\www.magrama.es</linkage></cntOnlineRes><cntHours>09.00-15.00</cntHours></rpCntInfo></contact></mdMaint><mdConst><LegConsts><useLimit>No se aplican</useLimit><othConsts/></LegConsts></mdConst><dqInfo><dqScope/><report type="DQDomConsis"><measResult><ConResult><conSpec><resTitle>Reglamento (UE) n o 1089/2010 de la Comisión de 23 de noviembre de 2010 por el que se aplica la Directiva 2007/2/CE del Parlamento Europeo y del Consejo en lo que se refiere a la interoperabilidad de los conjuntos y los servicios de datos espaciales</resTitle><date><pubDate>2010-12-08T00:00:00</pubDate></date></conSpec><conExpl>No conforme con el reglamento (UE) n o 1089/2010 de la Comisión de 23 de noviembre de 2010 por el que se aplica la Directiva 2007/2/CE del Parlamento Europeo y del Consejo en lo que se refiere a la interoperabilidad de los conjuntos y los servicios de datos espaciales</conExpl><conPass>false</conPass></ConResult></measResult></report><dataLineage><statement>La información de las IBAS proceden de la SEO BirdLife.</statement></dataLineage></dqInfo><refSysInfo><RefSystem><refSysID><identCode code="http://www.opengis.net/def/crs/EPSG/0/25830"/><idCodeSpace Sync="TRUE">EPSG</idCodeSpace><idVersion Sync="TRUE">7.4.1</idVersion></refSysID></RefSystem></refSysInfo><refSysInfo><RefSystem><refSysID><identCode code="http://www.opengis.net/def/crs/EPSG/0/32628"/><idCodeSpace Sync="TRUE">EPSG</idCodeSpace><idVersion Sync="TRUE">7.4.1</idVersion></refSysID></RefSystem></refSysInfo><contInfo><CovDesc><attDesc>-</attDesc></CovDesc></contInfo><mdHrLv><ScopeCd value="005" Sync="TRUE"></ScopeCd></mdHrLv><spatRepInfo><VectSpatRep><geometObjs Name="DGB.IBAS"><geoObjTyp><GeoObjTypCd value="002" Sync="TRUE"></GeoObjTypCd></geoObjTyp><geoObjCnt Sync="TRUE">0</geoObjCnt></geometObjs><topLvl><TopoLevCd value="001" Sync="TRUE"></TopoLevCd></topLvl></VectSpatRep></spatRepInfo><spdoinfo><ptvctinf><esriterm><efeatyp Sync="TRUE">Simple</efeatyp><efeageom code="4" Sync="TRUE"></efeageom><esritopo Sync="TRUE">FALSE</esritopo><efeacnt Sync="TRUE">0</efeacnt><spindex Sync="TRUE">FALSE</spindex><linrefer Sync="TRUE">FALSE</linrefer></esriterm></ptvctinf></spdoinfo></metadata>
